{"nodes":{"node:1":{"location":{"x":170,"y":221}},"node:12":{"location":{"x":186,"y":413}},"node:5":{"location":{"x":166,"y":288}},"node:9":{"location":{"x":170,"y":157}}},"selection":null,"view":{"scroll":{"x":-2.88236451148986816,"y":0},"visible_rect":{"max":{"x":938.92535400390625,"y":680},"min":{"x":-2.9253847599029541,"y":0}},"zoom":0.985294103622436523}}