{"nodes":{"node:12332325576688780927":{"location":{"x":-591,"y":243}},"node:14944641290689065785":{"location":{"x":-589,"y":77}},"node:18296281584995265545":{"location":{"x":-589,"y":403}},"node:5870847178621941450":{"location":{"x":-589,"y":323}},"node:9122736042672675760":{"location":{"x":-557,"y":162}}},"selection":null,"view":{"scroll":{"x":-837.124267578125,"y":26.3765316009521484},"visible_rect":{"max":{"x":-120.447067260742188,"y":592.8087158203125},"min":{"x":-853.58551025390625,"y":26.8952007293701172}},"zoom":0.98071521520614624}}