{"nodes":{"node:1":{"location":{"x":-134,"y":96}},"node:5":{"location":{"x":-102,"y":221}}},"selection":null,"view":{"scroll":{"x":-325.57135009765625,"y":-35.5936737060546875},"visible_rect":{"max":{"x":470.32330322265625,"y":495.288665771484375},"min":{"x":-254.177474975585938,"y":-27.7884101867675781}},"zoom":1.28088200092315674}}