{"nodes":{"node:1":{"location":{"x":-605,"y":96}}},"selection":null,"view":{"scroll":{"x":-1193.158935546875,"y":-280.31317138671875},"visible_rect":{"max":{"x":-296.796600341796875,"y":220.28900146484375},"min":{"x":-865.4962158203125,"y":-203.33416748046875}},"zoom":1.37858366966247559}}