{"nodes":{"node:12332325576688780927":{"location":{"x":-2376,"y":-222}},"node:14944641290689065785":{"location":{"x":-2899,"y":-257}},"node:18296281584995265545":{"location":{"x":-1888,"y":-145}},"node:5870847178621941450":{"location":{"x":-2120,"y":-273}},"node:9122736042672675760":{"location":{"x":-2600,"y":-353}}},"selection":["node:18296281584995265545"],"view":{"scroll":{"x":-2076.1640625,"y":-568.9276123046875},"visible_rect":{"max":{"x":-1056.0477294921875,"y":360.248870849609375},"min":{"x":-2435.698486328125,"y":-667.4501953125}},"zoom":0.85238957405090332}}