{"nodes":{"node:12332325576688780927":{"location":{"x":-1911,"y":-358}},"node:14944641290689065785":{"location":{"x":-2265,"y":-339}},"node:18296281584995265545":{"location":{"x":-1560,"y":-307}},"node:5870847178621941450":{"location":{"x":-1720,"y":-355}},"node:9122736042672675760":{"location":{"x":-2072,"y":-483}}},"selection":["node:5870847178621941450"],"view":{"scroll":{"x":-1517.157958984375,"y":-428.615142822265625},"visible_rect":{"max":{"x":-1514.0528564453125,"y":-97.1527633666992188},"min":{"x":-1874.9071044921875,"y":-529.68353271484375}},"zoom":0.809190988540649414}}