{"nodes":{"node:12332325576688780927":{"location":{"x":-588,"y":238}},"node:14944641290689065785":{"location":{"x":-572,"y":53}},"node:18296281584995265545":{"location":{"x":-589,"y":403}},"node:5870847178621941450":{"location":{"x":-588,"y":324}},"node:9122736042672675760":{"location":{"x":-508,"y":148}}},"selection":["node:9122736042672675760"],"view":{"scroll":{"x":-745.65771484375,"y":-61.0990333557128906},"visible_rect":{"max":{"x":-160.114334106445312,"y":674.03289794921875},"min":{"x":-752.5035400390625,"y":-61.6599769592285156}},"zoom":0.99090266227722168}}