{"nodes":{"node:101":{"location":{"x":-160,"y":-80}},"node:102":{"location":{"x":-231,"y":63}},"node:103":{"location":{"x":98,"y":-27}},"node:104":{"location":{"x":360,"y":143}}},"selection":null,"view":{"scroll":{"x":-383.7987060546875,"y":-301.610076904296875},"visible_rect":{"max":{"x":748.1240234375,"y":542.43145751953125},"min":{"x":-362.444549560546875,"y":-284.82879638671875}},"zoom":1.05891704559326172}}