{"nodes":{"node:12332325576688780927":{"location":{"x":-228,"y":299}},"node:14944641290689065785":{"location":{"x":-95,"y":-9}},"node:18296281584995265545":{"location":{"x":-237,"y":584}},"node:5870847178621941450":{"location":{"x":-169,"y":455}},"node:9122736042672675760":{"location":{"x":-393,"y":135}}},"selection":null,"view":{"scroll":{"x":-570.64959716796875,"y":-46.2713088989257812},"visible_rect":{"max":{"x":1056.73095703125,"y":1214.3592529296875},"min":{"x":-575.21142578125,"y":-46.641204833984375}},"zoom":0.992069363594055176}}