{"nodes":{"node:101":{"location":{"x":-160,"y":-80}},"node:102":{"location":{"x":-231,"y":63}},"node:103":{"location":{"x":98,"y":-27}},"node:104":{"location":{"x":238,"y":77}}},"selection":null,"view":{"scroll":{"x":-255.86578369140625,"y":-201.073379516601562},"visible_rect":{"max":{"x":748.1240234375,"y":542.43145751953125},"min":{"x":-362.444488525390625,"y":-284.828765869140625}},"zoom":0.705944716930389404}}