{"nodes":{"node:12332325576688780927":{"location":{"x":-143,"y":191}},"node:14944641290689065785":{"location":{"x":-595,"y":207}},"node:17892224026098453411":{"location":{"x":480,"y":63}},"node:18296281584995265545":{"location":{"x":408,"y":287}},"node:5870847178621941450":{"location":{"x":152,"y":143}},"node:9122736042672675760":{"location":{"x":-392,"y":79}}},"selection":null,"view":{"scroll":{"x":-166.31329345703125,"y":-220.14007568359375},"visible_rect":{"max":{"x":1209.4952392578125,"y":968.47003173828125},"min":{"x":-284.645416259765625,"y":-376.770050048828125}},"zoom":0.584282338619232178}}